"Target","Submission Date","Difficulty","Quaternary State of Target","# of Monomeric Models (Homo-oligomeric)","ref. PDB [Chain]","Sequence Length (residues)","Method","Resolution"
"2023-12-30_00000003_1","2023-12-30","0","2","29","8cmx [A]","503","X-RAY DIFFRACTION","3.46"
"2023-12-30_00000028_1","2023-12-30","0","2","31","8h92 [B]","207","X-RAY DIFFRACTION","2.6"
"2023-12-30_00000035_1","2023-12-30","1","2","32","8hwi [B]","177","X-RAY DIFFRACTION","2.73"
"2023-12-30_00000036_1","2023-12-30","1","2","32","8hwj [A]","165","X-RAY DIFFRACTION","2.553"
"2023-12-30_00000038_1","2023-12-30","0","1","29","8hxq [A]","125","X-RAY DIFFRACTION","2.4"
"2023-12-30_00000059_1","2023-12-30","1","2","29","8jqe [A]","305","X-RAY DIFFRACTION","2.31"
"2023-12-30_00000080_1","2023-12-30","1","0","31","8pyh [B]","321","X-RAY DIFFRACTION","2.2"
"2023-12-30_00000081_1","2023-12-30","0","0","26","8pzk [A]","321","X-RAY DIFFRACTION","1.8"
"2023-12-30_00000102_1","2023-12-30","1","2","28","8wwu [B]","510","X-RAY DIFFRACTION","2"
"2023-12-23_00000033_1","2023-12-23","0","2","27","8c0h [G]","384","X-RAY DIFFRACTION","1.58"
"2023-12-23_00000042_3","2023-12-23","2","1","19","8che [C]","37","X-RAY DIFFRACTION","1.49"
"2023-12-23_00000076_1","2023-12-23","0","0","26","8hqq [A]","418","X-RAY DIFFRACTION","1.86"
"2023-12-23_00000089_1","2023-12-23","1","2","33","8huc [B]","275","X-RAY DIFFRACTION","1.984"
"2023-12-23_00000095_1","2023-12-23","1","0","26","8hvb [A]","614","X-RAY DIFFRACTION","1.6"
"2023-12-23_00000110_1","2023-12-23","0","2","27","8idr [C]","153","X-RAY DIFFRACTION","1.8"
"2023-12-23_00000114_1","2023-12-23","1","0","24","8iiu [B]","126","X-RAY DIFFRACTION","1.27"
"2023-12-23_00000173_1","2023-12-23","1","2","27","8q4e [A]","165","X-RAY DIFFRACTION","1.9"
"2023-12-23_00000183_1","2023-12-23","1","2","30","8qc8 [B]","393","X-RAY DIFFRACTION","2.35"
"2023-12-23_00000186_1","2023-12-23","1","2","28","8qfl [A]","184","X-RAY DIFFRACTION","1.75"
"2023-12-23_00000204_1","2023-12-23","0","0","25","8r8a [A]","130","X-RAY DIFFRACTION","1.317"
"2023-12-23_00000213_1","2023-12-23","0","2","27","8sf5 [A]","433","X-RAY DIFFRACTION","2.3"
"2023-12-16_00000080_1","2023-12-16","0","0","32","8bwk [C]","728","X-RAY DIFFRACTION","2.29"
"2023-12-16_00000095_1","2023-12-16","2","0","33","8c8j [A]","832","X-RAY DIFFRACTION","2.1"
"2023-12-16_00000107_1","2023-12-16","0","2","33","8cib [B]","209","X-RAY DIFFRACTION","1.78"
"2023-12-16_00000132_2","2023-12-16","1","1","25","8g4y [B]","39","X-RAY DIFFRACTION","1.41"
"2023-12-16_00000147_1","2023-12-16","1","0","35","8hpg [A]","312","X-RAY DIFFRACTION","3.895"
"2023-12-16_00000148_1","2023-12-16","1","1","33","8hpp [A]","471","X-RAY DIFFRACTION","3"
"2023-12-16_00000180_1","2023-12-16","0","0","32","8ht0 [A]","447","X-RAY DIFFRACTION","2"
"2023-12-16_00000223_1","2023-12-16","2","0","29","8jw3 [A]","319","X-RAY DIFFRACTION","1.45"
"2023-12-16_00000224_1","2023-12-16","2","1","35","8jwj [C]","300","X-RAY DIFFRACTION","2.96"
"2023-12-16_00000243_2","2023-12-16","0","1","29","8q7s [B]","117","X-RAY DIFFRACTION","2.7"
"2023-12-16_00000245_3","2023-12-16","0","1","29","8q94 [C]","132","X-RAY DIFFRACTION","2.5"
"2023-12-16_00000246_2","2023-12-16","0","1","30","8q95 [B]","131","X-RAY DIFFRACTION","1.6"
"2023-12-16_00000246_3","2023-12-16","0","1","29","8q95 [C]","120","X-RAY DIFFRACTION","1.6"
"2023-12-16_00000302_1","2023-12-16","1","2","33","8v4g [B]","337","X-RAY DIFFRACTION","2"
"2023-12-09_00000028_1","2023-12-09","0","0","38","8bu0 [A]","292","X-RAY DIFFRACTION","1.4"
"2023-12-09_00000031_1","2023-12-09","2","0","38","8bux [A]","334","X-RAY DIFFRACTION","1.86"
"2023-12-09_00000032_1","2023-12-09","1","2","43","8buy [A]","144","X-RAY DIFFRACTION","1.6"
"2023-12-09_00000037_1","2023-12-09","1","0","44","8bvi [A]","310","X-RAY DIFFRACTION","3.1"
"2023-12-09_00000038_1","2023-12-09","0","0","41","8c4d [A]","330","X-RAY DIFFRACTION","1.97"
"2023-12-09_00000039_1","2023-12-09","0","0","37","8c5b [A]","668","X-RAY DIFFRACTION","2.5"
"2023-12-09_00000093_1","2023-12-09","0","0","31","8fnx [A]","765","X-RAY DIFFRACTION","2.1"
"2023-12-09_00000094_1","2023-12-09","0","0","30","8fyg [A]","765","X-RAY DIFFRACTION","2.05"
"2023-12-09_00000112_1","2023-12-09","0","0","35","8hne [A]","219","X-RAY DIFFRACTION","1.13"
"2023-12-09_00000119_1","2023-12-09","0","0","36","8hoj [A]","464","X-RAY DIFFRACTION","2.9"
"2023-12-09_00000180_1","2023-12-09","1","0","36","8jn0 [A]","89","X-RAY DIFFRACTION","1.22826"
"2023-12-09_00000201_1","2023-12-09","1","2","43","8phb [A]","406","X-RAY DIFFRACTION","1.7"
"2023-12-09_00000206_1","2023-12-09","2","2","38","8pz3 [A]","300","X-RAY DIFFRACTION","3.15"
"2023-12-02_00000009_1","2023-12-02","1","0","40","7yll [A]","384","X-RAY DIFFRACTION","2.60001"
"2023-12-02_00000018_4","2023-12-02","1","1","34","8ek5 [E]","464","X-RAY DIFFRACTION","2.11"
"2023-12-02_00000021_1","2023-12-02","1","2","36","8etn [B]","360","X-RAY DIFFRACTION","3.16"
"2023-12-02_00000022_1","2023-12-02","0","2","38","8f9x [A]","230","X-RAY DIFFRACTION","2.32"
"2023-12-02_00000041_1","2023-12-02","0","1","37","8gic [A]","399","X-RAY DIFFRACTION","1.64"
"2023-12-02_00000041_2","2023-12-02","0","1","45","8gic [C]","69","X-RAY DIFFRACTION","1.64"
"2023-12-02_00000051_1","2023-12-02","1","0","38","8hmm [A]","642","X-RAY DIFFRACTION","2.7"
"2023-12-02_00000055_1","2023-12-02","0","2","37","8hro [A]","342","X-RAY DIFFRACTION","2.59"
"2023-12-02_00000079_1","2023-12-02","1","0","43","8j9q [A]","73","X-RAY DIFFRACTION","2.18"
"2023-12-02_00000081_1","2023-12-02","1","2","37","8jb1 [A]","488","X-RAY DIFFRACTION","2.44"
"2023-12-02_00000087_1","2023-12-02","0","0","30","8jlv [B]","264","X-RAY DIFFRACTION","2.99864"
"2023-12-02_00000206_2","2023-12-02","0","1","43","8t9o [I]","67","X-RAY DIFFRACTION","2.7"
"2023-11-25_00000116_2","2023-11-25","1","1","42","8a8f [B]","80","X-RAY DIFFRACTION","1.85"
"2023-11-25_00000121_1","2023-11-25","1","2","41","8bnb [B]","95","X-RAY DIFFRACTION","2.11"
"2023-11-25_00000125_1","2023-11-25","1","0","42","8boj [A]","96","X-RAY DIFFRACTION","1.5"
"2023-11-25_00000128_1","2023-11-25","0","2","34","8bou [A]","824","X-RAY DIFFRACTION","2.32"
"2023-11-25_00000130_1","2023-11-25","1","0","42","8bp4 [A]","93","X-RAY DIFFRACTION","1.15"
"2023-11-25_00000139_1","2023-11-25","1","1","40","8bq3 [A]","86","X-RAY DIFFRACTION","2.66"
"2023-11-25_00000143_1","2023-11-25","0","0","35","8bqb [A]","346","X-RAY DIFFRACTION","2.701"
"2023-11-25_00000152_1","2023-11-25","1","0","43","8d00 [A]","305","X-RAY DIFFRACTION","2.8"
"2023-11-25_00000161_1","2023-11-25","1","2","42","8f73 [E]","285","X-RAY DIFFRACTION","2.9"
"2023-11-25_00000164_1","2023-11-25","0","2","43","8f8f [A]","387","X-RAY DIFFRACTION","2"
"2023-11-25_00000178_1","2023-11-25","0","0","43","8hm1 [A]","77","X-RAY DIFFRACTION","1.29"
"2023-11-25_00000181_1","2023-11-25","1","0","49","8hm4 [A]","427","X-RAY DIFFRACTION","3.79"
"2023-11-25_00000187_1","2023-11-25","1","2","43","8i3x [A]","71","X-RAY DIFFRACTION","1.78"
"2023-11-25_00000264_1","2023-11-25","1","2","43","8q70 [A]","279","X-RAY DIFFRACTION","1.85"
"2023-11-25_00000271_1","2023-11-25","1","1","40","8r61 [A]","346","X-RAY DIFFRACTION","3.1"
"2023-11-18_00000006_1","2023-11-18","0","2","37","7xrt [A]","291","X-RAY DIFFRACTION","2.007"
"2023-11-18_00000086_1","2023-11-18","1","1","36","8hfp [A]","77","X-RAY DIFFRACTION","1.82"
"2023-11-18_00000086_2","2023-11-18","1","1","38","8hfp [C]","108","X-RAY DIFFRACTION","1.82"
"2023-11-18_00000097_1","2023-11-18","0","2","41","8hig [A]","256","X-RAY DIFFRACTION","2.329"
"2023-11-18_00000099_1","2023-11-18","2","1","32","8htc [A]","233","X-RAY DIFFRACTION","2.2"
"2023-11-18_00000112_1","2023-11-18","1","2","42","8iq8 [A]","285","X-RAY DIFFRACTION","1.8"
"2023-11-18_00000119_1","2023-11-18","0","1","35","8j5j [A]","219","X-RAY DIFFRACTION","3"
"2023-11-18_00000122_1","2023-11-18","0","0","36","8j6e [A]","336","X-RAY DIFFRACTION","2.05"
"2023-11-18_00000191_1","2023-11-18","0","1","34","8skj [A]","132","X-RAY DIFFRACTION","2.01"
"2023-11-18_00000283_1","2023-11-18","1","0","35","8wkh [A]","131","X-RAY DIFFRACTION","2"
"2023-11-18_00000287_1","2023-11-18","2","0","33","8wt5 [A]","67","SOLUTION NMR","0"
"2023-11-11_00000012_2","2023-11-11","0","1","44","8ams [D]","153","X-RAY DIFFRACTION","2.4"
"2023-11-11_00000031_1","2023-11-11","1","2","44","8cil [A]","380","X-RAY DIFFRACTION","1.98"
"2023-11-11_00000084_2","2023-11-11","1","1","39","8hhj [B]","158","X-RAY DIFFRACTION","1.5"
"2023-11-11_00000085_1","2023-11-11","1","0","39","8hwu [A]","58","SOLUTION NMR","0"
"2023-11-11_00000086_1","2023-11-11","0","0","39","8in1 [A]","994","X-RAY DIFFRACTION","2.7"
"2023-11-11_00000090_1","2023-11-11","2","0","39","8ini [A]","99","X-RAY DIFFRACTION","1.75"
"2023-11-11_00000094_1","2023-11-11","1","0","39","8j3q [A]","58","SOLUTION NMR","0"
"2023-11-11_00000098_1","2023-11-11","0","2","42","8jbd [A]","457","X-RAY DIFFRACTION","2.38"
"2023-11-11_00000131_1","2023-11-11","1","0","44","8jwd [A]","148","X-RAY DIFFRACTION","1.33"
"2023-11-11_00000168_1","2023-11-11","0","2","41","8pz0 [A]","517","X-RAY DIFFRACTION","1.8"
"2023-11-11_00000234_1","2023-11-11","0","0","42","8uvz [A]","168","X-RAY DIFFRACTION","0.93"
"2023-11-04_00000492_1","2023-11-04","0","0","43","8bpd [A]","399","X-RAY DIFFRACTION","1.8"
"2023-11-04_00000496_1","2023-11-04","2","2","44","8bz2 [A]","96","X-RAY DIFFRACTION","1.7"
"2023-11-04_00000499_1","2023-11-04","1","2","43","8d2j [B]","512","X-RAY DIFFRACTION","2.1"
"2023-11-04_00000514_1","2023-11-04","0","2","43","8exz [B]","358","X-RAY DIFFRACTION","2.82"
"2023-11-04_00000560_1","2023-11-04","1","2","44","8iw0 [A]","96","X-RAY DIFFRACTION","2.1"
"2023-11-04_00000568_1","2023-11-04","0","2","40","8kgz [A]","412","X-RAY DIFFRACTION","2.21"
"2023-11-04_00000569_3","2023-11-04","0","1","40","8opr [C]","133","X-RAY DIFFRACTION","1.811"
"2023-11-04_00000605_1","2023-11-04","1","0","43","8qhh [A]","156","SOLUTION NMR","0"
"2023-11-04_00000606_1","2023-11-04","1","0","43","8qhi [A]","158","SOLUTION NMR","0"
"2023-11-04_00000626_1","2023-11-04","1","0","44","8sx1 [A]","333","X-RAY DIFFRACTION","4.2"
"2023-11-04_00000630_1","2023-11-04","0","0","42","8t3i [B]","258","X-RAY DIFFRACTION","1.57"
"2023-11-04_00000631_1","2023-11-04","0","0","39","8t3j [B]","258","X-RAY DIFFRACTION","2.705"
"2023-11-04_00000633_1","2023-11-04","0","0","40","8tfi [A]","177","X-RAY DIFFRACTION","1.97"
"2023-11-04_00000637_1","2023-11-04","0","2","45","8tfz [A]","177","X-RAY DIFFRACTION","2.06"
"2023-11-04_00000654_1","2023-11-04","0","2","38","8txn [D]","726","X-RAY DIFFRACTION","1.75"
"2023-11-04_00000676_1","2023-11-04","1","0","38","8upi [A]","523","X-RAY DIFFRACTION","1.55"
"2023-11-04_00000678_1","2023-11-04","0","2","39","8ur2 [A]","136","X-RAY DIFFRACTION","1.9"
"2023-10-28_00000016_2","2023-10-28","0","1","40","8be2 [N]","127","X-RAY DIFFRACTION","1.89794"
"2023-10-28_00000036_1","2023-10-28","0","2","43","8br4 [A]","357","X-RAY DIFFRACTION","3.29"
"2023-10-28_00000055_1","2023-10-28","1","1","43","8cws [A]","466","X-RAY DIFFRACTION","4.4"
"2023-10-28_00000065_1","2023-10-28","0","0","41","8ety [A]","282","X-RAY DIFFRACTION","1.54"
"2023-10-28_00000131_1","2023-10-28","0","2","46","8har [A]","357","X-RAY DIFFRACTION","2.12"
"2023-10-28_00000156_1","2023-10-28","0","1","45","8iiy [A]","514","X-RAY DIFFRACTION","2.15"
"2023-10-28_00000166_1","2023-10-28","1","0","46","8j0h [A]","142","X-RAY DIFFRACTION","3.383"
"2023-10-28_00000167_1","2023-10-28","0","0","43","8j0p [A]","517","X-RAY DIFFRACTION","2.4"
"2023-10-28_00000170_1","2023-10-28","0","2","43","8jh0 [B]","287","X-RAY DIFFRACTION","2.79"
"2023-10-28_00000195_1","2023-10-28","1","0","45","8p66 [B]","54","SOLUTION NMR","0"
"2023-10-28_00000270_1","2023-10-28","1","1","43","8u45 [A]","101","X-RAY DIFFRACTION","2.1"
"2023-10-21_00000000_1","2023-10-21","1","1","30","7ssf [A]","72","X-RAY DIFFRACTION","1.45"
"2023-10-21_00000031_1","2023-10-21","2","2","39","8ant [B]","103","X-RAY DIFFRACTION","1.9"
"2023-10-21_00000033_2","2023-10-21","1","1","38","8anv [C]","52","X-RAY DIFFRACTION","2.2"
"2023-10-21_00000060_1","2023-10-21","1","2","37","8c8e [C]","82","X-RAY DIFFRACTION","2.2"
"2023-10-21_00000104_3","2023-10-21","1","1","35","8h1r [C]","67","X-RAY DIFFRACTION","2.98"
"2023-10-21_00000118_1","2023-10-21","0","2","36","8h79 [A]","256","X-RAY DIFFRACTION","2.07"
"2023-10-21_00000120_1","2023-10-21","1","0","41","8h7j [A]","563","X-RAY DIFFRACTION","2.5"
"2023-10-21_00000126_1","2023-10-21","1","2","38","8h8p [B]","371","X-RAY DIFFRACTION","2.5"
"2023-10-21_00000164_1","2023-10-21","1","2","39","8okh [A]","175","X-RAY DIFFRACTION","2.17"
"2023-10-21_00000165_1","2023-10-21","1","2","36","8oks [B]","118","X-RAY DIFFRACTION","2.09"
"2023-10-21_00000167_1","2023-10-21","2","2","42","8ol4 [A]","286","X-RAY DIFFRACTION","1.84"
"2023-10-21_00000186_1","2023-10-21","1","2","36","8pnw [A]","281","X-RAY DIFFRACTION","1.7"
"2023-10-21_00000190_1","2023-10-21","2","0","31","8pwt [A]","34","SOLUTION NMR","0"
"2023-10-21_00000209_1","2023-10-21","0","2","38","8q57 [A]","309","X-RAY DIFFRACTION","1.7"
"2023-10-21_00000269_1","2023-10-21","1","1","41","8uc6 [B]","165","X-RAY DIFFRACTION","2.701"
"2023-10-21_00000270_1","2023-10-21","1","0","40","8uk7 [B]","138","X-RAY DIFFRACTION","1.8"
"2023-10-14_00000036_1","2023-10-14","0","2","37","8cqm [B]","238","X-RAY DIFFRACTION","2"
"2023-10-14_00000081_1","2023-10-14","0","2","41","8g5s [B]","389","X-RAY DIFFRACTION","1.5"
"2023-10-14_00000082_1","2023-10-14","0","0","34","8g5t [A]","489","X-RAY DIFFRACTION","1.846"
"2023-10-14_00000086_1","2023-10-14","0","2","41","8gyg [B]","306","X-RAY DIFFRACTION","2"
"2023-10-14_00000087_2","2023-10-14","0","1","44","8h1i [B]","69","X-RAY DIFFRACTION","2.1"
"2023-10-14_00000088_1","2023-10-14","0","2","39","8h2a [A]","370","X-RAY DIFFRACTION","2.5"
"2023-10-14_00000089_1","2023-10-14","0","2","39","8h2b [D]","373","X-RAY DIFFRACTION","2.1"
"2023-10-14_00000111_2","2023-10-14","0","1","35","8h5t [B]","127","X-RAY DIFFRACTION","2"
"2023-10-14_00000112_2","2023-10-14","0","1","35","8h5u [B]","119","X-RAY DIFFRACTION","2.401"
"2023-10-14_00000120_1","2023-10-14","0","2","38","8hlg [A]","172","X-RAY DIFFRACTION","2"
"2023-10-14_00000121_1","2023-10-14","0","0","38","8ho6 [A]","326","X-RAY DIFFRACTION","2.1"
"2023-10-14_00000163_1","2023-10-14","0","0","39","8jdc [A]","471","X-RAY DIFFRACTION","1.696"
"2023-10-14_00000209_1","2023-10-14","1","0","39","8oys [A]","190","X-RAY DIFFRACTION","1.34"
"2023-10-14_00000221_1","2023-10-14","1","1","30","8pnl [C]","543","X-RAY DIFFRACTION","2.7"
"2023-10-14_00000255_1","2023-10-14","1","0","30","8ssc [A]","1150","X-RAY DIFFRACTION","2.75"
"2023-10-14_00000256_1","2023-10-14","1","2","38","8ssf [B]","194","X-RAY DIFFRACTION","2.5"
"2023-10-07_00000009_1","2023-10-07","1","0","38","7zet [A]","402","X-RAY DIFFRACTION","2.8"
"2023-10-07_00000011_2","2023-10-07","0","1","41","7zg5 [C]","94","X-RAY DIFFRACTION","2"
"2023-10-07_00000020_1","2023-10-07","1","0","40","8b74 [A]","466","X-RAY DIFFRACTION","1.965"
"2023-10-07_00000048_1","2023-10-07","1","0","36","8f5h [B]","139","X-RAY DIFFRACTION","2.3"
"2023-10-07_00000076_1","2023-10-07","1","0","35","8ftt [A]","130","X-RAY DIFFRACTION","2.08"
"2023-10-07_00000091_1","2023-10-07","2","0","22","8h2m [A]","1214","X-RAY DIFFRACTION","3.08"
"2023-10-07_00000138_1","2023-10-07","0","2","35","8jyt [C]","297","X-RAY DIFFRACTION","1.79"
"2023-10-07_00000145_1","2023-10-07","0","0","38","8ods [A]","344","X-RAY DIFFRACTION","1.909"
"2023-10-07_00000173_1","2023-10-07","1","2","38","8ssd [A]","523","X-RAY DIFFRACTION","2.4"
"2023-09-30_00000026_1","2023-09-30","0","1","46","8b5s [A]","374","X-RAY DIFFRACTION","1.95"
"2023-09-30_00000027_1","2023-09-30","1","0","42","8b5w [A]","459","X-RAY DIFFRACTION","1.8"
"2023-09-30_00000034_1","2023-09-30","1","0","43","8bl3 [A]","141","X-RAY DIFFRACTION","2.8"
"2023-09-30_00000035_1","2023-09-30","2","0","45","8bl6 [A]","176","X-RAY DIFFRACTION","2.8"
"2023-09-30_00000048_1","2023-09-30","0","0","40","8e1b [A]","150","X-RAY DIFFRACTION","1.65"
"2023-09-30_00000049_1","2023-09-30","0","0","40","8e1c [A]","126","X-RAY DIFFRACTION","1.9"
"2023-09-30_00000071_1","2023-09-30","0","0","42","8g95 [A]","414","X-RAY DIFFRACTION","2.2"
"2023-09-30_00000090_2","2023-09-30","0","1","40","8h64 [B]","123","X-RAY DIFFRACTION","2.35"
"2023-09-30_00000113_1","2023-09-30","1","0","40","8j1w [A]","214","X-RAY DIFFRACTION","1.95"
"2023-09-30_00000118_1","2023-09-30","1","2","42","8jhe [A]","555","X-RAY DIFFRACTION","2.201"
"2023-09-30_00000128_1","2023-09-30","1","0","40","8ki5 [A]","332","X-RAY DIFFRACTION","2.01"
"2023-09-30_00000132_1","2023-09-30","1","2","42","8pcw [A]","390","X-RAY DIFFRACTION","3.54"
"2023-09-30_00000152_1","2023-09-30","2","0","43","8tzm [A]","115","SOLUTION NMR","0"
"2023-09-23_00000012_2","2023-09-23","0","1","39","7zau [B]","132","X-RAY DIFFRACTION","2.2"
"2023-09-23_00000023_1","2023-09-23","0","2","43","8b32 [A]","417","X-RAY DIFFRACTION","1.7"
"2023-09-23_00000064_1","2023-09-23","0","2","43","8ecp [A]","102","X-RAY DIFFRACTION","1.5"
"2023-09-23_00000065_1","2023-09-23","0","2","44","8ecx [C]","102","X-RAY DIFFRACTION","2.03"
"2023-09-23_00000102_1","2023-09-23","2","0","32","8gxt [A]","61","SOLUTION NMR","0"
"2023-09-23_00000103_1","2023-09-23","0","0","43","8gxv [A]","375","X-RAY DIFFRACTION","2.2"
"2023-09-23_00000104_1","2023-09-23","1","0","41","8gy4 [B]","277","X-RAY DIFFRACTION","2.5"
"2023-09-23_00000105_1","2023-09-23","1","2","43","8gy8 [A]","375","X-RAY DIFFRACTION","1.94"
"2023-09-23_00000112_1","2023-09-23","1","0","40","8h0l [A]","163","X-RAY DIFFRACTION","1.8"
"2023-09-23_00000127_1","2023-09-23","1","2","43","8ia9 [B]","397","X-RAY DIFFRACTION","2.5"
"2023-09-23_00000178_1","2023-09-23","0","0","43","8sj7 [A]","470","X-RAY DIFFRACTION","2.09"
"2023-09-23_00000179_1","2023-09-23","0","1","44","8sjj [A]","75","X-RAY DIFFRACTION","1.781"
"2023-09-23_00000197_1","2023-09-23","1","0","42","8u00 [A]","271","X-RAY DIFFRACTION","1.85"
"2023-09-23_00000199_1","2023-09-23","0","2","43","8u12 [A]","75","X-RAY DIFFRACTION","1.6"
"2023-09-16_00000036_2","2023-09-16","1","1","41","7xae [C]","85","X-RAY DIFFRACTION","3.44"
"2023-09-16_00000096_1","2023-09-16","1","2","39","8bbq [A]","324","X-RAY DIFFRACTION","1.43"
"2023-09-16_00000100_1","2023-09-16","0","2","33","8bj5 [D]","288","X-RAY DIFFRACTION","2.72"
"2023-09-16_00000136_2","2023-09-16","0","1","35","8ecz [B]","272","X-RAY DIFFRACTION","2.82"
"2023-09-16_00000157_1","2023-09-16","0","0","43","8es6 [A]","488","X-RAY DIFFRACTION","1.9"
"2023-09-16_00000197_1","2023-09-16","0","2","38","8gvl [B]","301","X-RAY DIFFRACTION","2.1"
"2023-09-16_00000216_1","2023-09-16","1","2","46","8h7c [A]","102","X-RAY DIFFRACTION","2.15"
"2023-09-16_00000219_1","2023-09-16","0","0","32","8hea [A]","246","X-RAY DIFFRACTION","1.74"
"2023-09-16_00000229_1","2023-09-16","0","0","32","8hzz [A]","454","X-RAY DIFFRACTION","2.2"
"2023-09-16_00000231_1","2023-09-16","0","0","32","8i0d [A]","458","X-RAY DIFFRACTION","1.43"
"2023-09-16_00000235_1","2023-09-16","1","2","49","8ia3 [E]","114","X-RAY DIFFRACTION","3.5"
"2023-09-16_00000243_1","2023-09-16","1","2","39","8il0 [F]","457","X-RAY DIFFRACTION","2.81"
"2023-09-16_00000250_1","2023-09-16","0","0","44","8j3o [B]","386","X-RAY DIFFRACTION","2.65"
"2023-09-16_00000251_1","2023-09-16","0","2","38","8j3p [A]","382","X-RAY DIFFRACTION","2.3"
"2023-09-16_00000284_1","2023-09-16","0","2","31","8oft [A]","195","X-RAY DIFFRACTION","2"
"2023-09-16_00000298_1","2023-09-16","0","2","35","8q2c [B]","195","X-RAY DIFFRACTION","3.21"
"2023-09-16_00000327_1","2023-09-16","0","2","39","8sy8 [A]","272","X-RAY DIFFRACTION","2.18"
"2023-09-09_00000012_1","2023-09-09","1","2","43","7zm6 [B]","657","X-RAY DIFFRACTION","2.07"
"2023-09-09_00000015_2","2023-09-09","1","1","43","8alo [B]","164","X-RAY DIFFRACTION","3.002"
"2023-09-09_00000017_1","2023-09-09","1","0","33","8axj [A]","162","X-RAY DIFFRACTION","1"
"2023-09-09_00000071_1","2023-09-09","2","0","39","8dot [A]","458","X-RAY DIFFRACTION","3.05"
"2023-09-09_00000076_2","2023-09-09","0","1","35","8ee2 [D]","127","X-RAY DIFFRACTION","2.4"
"2023-09-09_00000093_1","2023-09-09","1","0","39","8gth [E]","114","X-RAY DIFFRACTION","3.1"
"2023-09-09_00000128_1","2023-09-09","1","2","37","8ih4 [A]","215","X-RAY DIFFRACTION","2.12"
"2023-09-09_00000141_1","2023-09-09","0","0","37","8jjm [A]","484","X-RAY DIFFRACTION","1.8"
"2023-09-09_00000170_1","2023-09-09","1","2","38","8ok7 [A]","419","X-RAY DIFFRACTION","1.74"
"2023-09-09_00000171_1","2023-09-09","1","2","32","8ok8 [C]","376","X-RAY DIFFRACTION","3.22"
"2023-09-09_00000185_1","2023-09-09","1","2","42","8q0e [A]","489","X-RAY DIFFRACTION","3.15"
"2023-09-09_00000186_1","2023-09-09","1","2","37","8q0p [A]","476","X-RAY DIFFRACTION","2.01"
"2023-09-09_00000193_1","2023-09-09","0","2","34","8sxv [B]","367","X-RAY DIFFRACTION","2.3"
"2023-09-09_00000219_1","2023-09-09","0","2","33","8u2v [A]","147","X-RAY DIFFRACTION","2.5"
"2023-09-02_00000005_2","2023-09-02","1","1","34","7ylb [F]","94","X-RAY DIFFRACTION","2.41"
"2023-09-02_00000013_2","2023-09-02","1","1","35","7z1x [E]","132","X-RAY DIFFRACTION","1.86"
"2023-09-02_00000013_3","2023-09-02","0","1","36","7z1x [C]","141","X-RAY DIFFRACTION","1.86"
"2023-09-02_00000038_1","2023-09-02","1","2","41","8bxl [B]","628","X-RAY DIFFRACTION","2.4"
"2023-09-02_00000039_1","2023-09-02","0","2","39","8c46 [A]","409","X-RAY DIFFRACTION","2"
"2023-09-02_00000063_1","2023-09-02","0","0","37","8edd [A]","296","X-RAY DIFFRACTION","1.5"
"2023-09-02_00000079_1","2023-09-02","0","0","38","8ev4 [A]","125","X-RAY DIFFRACTION","1.3"
"2023-09-02_00000090_1","2023-09-02","1","0","38","8fa3 [A]","120","SOLUTION NMR","0"
"2023-09-02_00000112_1","2023-09-02","2","0","39","8gl3 [A]","232","X-RAY DIFFRACTION","2.3"
"2023-09-02_00000115_1","2023-09-02","2","0","35","8gqo [A]","122","SOLUTION NMR","0"
"2023-09-02_00000117_1","2023-09-02","0","0","37","8gr5 [A]","343","X-RAY DIFFRACTION","2.1"
"2023-09-02_00000179_1","2023-09-02","0","0","36","8p0o [A]","622","X-RAY DIFFRACTION","1.76"
"2023-09-02_00000199_1","2023-09-02","0","0","39","8sdc [B]","297","X-RAY DIFFRACTION","1.86"
"2023-09-02_00000217_1","2023-09-02","0","2","37","8szt [A]","372","X-RAY DIFFRACTION","2.5"
"2023-08-26_00000009_1","2023-08-26","1","0","17","7xx8 [A]","94","SOLUTION NMR","0"
"2023-08-26_00000037_1","2023-08-26","0","1","23","8bbk [A]","399","X-RAY DIFFRACTION","3.27"
"2023-08-26_00000040_1","2023-08-26","0","0","17","8bdq [D]","404","X-RAY DIFFRACTION","2.11"
"2023-08-26_00000062_1","2023-08-26","1","2","15","8ckp [C]","311","X-RAY DIFFRACTION","3.31"
"2023-08-26_00000087_1","2023-08-26","0","0","18","8e5h [A]","372","X-RAY DIFFRACTION","1.27"
"2023-08-26_00000088_1","2023-08-26","0","0","18","8e5i [A]","360","X-RAY DIFFRACTION","1.7"
"2023-08-26_00000101_3","2023-08-26","0","1","21","8ee8 [L]","219","X-RAY DIFFRACTION","2.803"
"2023-08-26_00000103_2","2023-08-26","0","1","21","8eee [B]","220","X-RAY DIFFRACTION","2.819"
"2023-08-26_00000147_1","2023-08-26","0","0","21","8gie [A]","349","X-RAY DIFFRACTION","1.85"
"2023-08-26_00000148_1","2023-08-26","0","0","22","8gif [A]","357","X-RAY DIFFRACTION","2.1"
"2023-08-26_00000225_1","2023-08-26","1","2","18","8k1i [B]","351","X-RAY DIFFRACTION","1.95"
"2023-08-26_00000227_1","2023-08-26","0","0","23","8kca [A]","192","X-RAY DIFFRACTION","1.97"
"2023-08-26_00000258_1","2023-08-26","0","2","19","8p2j [C]","294","X-RAY DIFFRACTION","1.73"
"2023-08-19_00000008_1","2023-08-19","0","2","19","7r4w [A]","145","X-RAY DIFFRACTION","2.3"
"2023-08-19_00000010_1","2023-08-19","0","2","18","7r5n [B]","172","X-RAY DIFFRACTION","3.45"
"2023-08-19_00000013_1","2023-08-19","0","2","17","7yto [D]","404","X-RAY DIFFRACTION","2.31"
"2023-08-19_00000015_1","2023-08-19","1","0","18","7ztn [B]","353","X-RAY DIFFRACTION","1.45"
"2023-08-19_00000040_1","2023-08-19","1","2","18","8b3z [A]","82","X-RAY DIFFRACTION","2.38"
"2023-08-19_00000041_1","2023-08-19","0","0","22","8b4u [A]","277","X-RAY DIFFRACTION","1.71"
"2023-08-19_00000052_1","2023-08-19","0","0","19","8cnt [A]","633","X-RAY DIFFRACTION","1.9"
"2023-08-19_00000069_1","2023-08-19","1","0","19","8h24 [A]","347","X-RAY DIFFRACTION","2.45"
"2023-08-19_00000070_1","2023-08-19","1","2","19","8h4p [A]","344","X-RAY DIFFRACTION","1.47"
"2023-08-19_00000074_1","2023-08-19","1","1","19","8hci [C]","269","X-RAY DIFFRACTION","3.399"
"2023-08-19_00000092_1","2023-08-19","1","2","18","8k5l [A]","211","X-RAY DIFFRACTION","1.67"
"2023-08-19_00000102_1","2023-08-19","0","0","17","8os3 [A]","107","X-RAY DIFFRACTION","1.68"
"2023-08-19_00000103_1","2023-08-19","0","0","17","8osd [A]","109","X-RAY DIFFRACTION","1.7"
"2023-08-19_00000105_1","2023-08-19","0","0","16","8oty [C]","104","X-RAY DIFFRACTION","1.9"
"2023-08-19_00000106_1","2023-08-19","0","0","18","8p7a [A]","381","X-RAY DIFFRACTION","2.56"
"2023-08-19_00000123_1","2023-08-19","0","2","19","8sij [A]","484","X-RAY DIFFRACTION","2.6"
"2023-08-19_00000133_1","2023-08-19","0","0","18","8spp [A]","396","X-RAY DIFFRACTION","1.89"
"2023-08-19_00000138_1","2023-08-19","0","2","22","8t7j [A]","399","X-RAY DIFFRACTION","2.4"
"2023-08-12_00000019_1","2023-08-12","2","2","41","7vxr [A]","108","X-RAY DIFFRACTION","1.55"
"2023-08-12_00000051_1","2023-08-12","2","0","28","7yrx [A]","31","SOLUTION NMR","0"
"2023-08-12_00000077_1","2023-08-12","0","0","38","8af1 [A]","179","X-RAY DIFFRACTION","1.57"
"2023-08-12_00000097_1","2023-08-12","0","2","38","8aip [A]","293","X-RAY DIFFRACTION","2.35"
"2023-08-12_00000130_1","2023-08-12","0","0","38","8amc [A]","193","X-RAY DIFFRACTION","2.95"
"2023-08-12_00000168_1","2023-08-12","1","0","31","8c8v [A]","1032","X-RAY DIFFRACTION","2.2"
"2023-08-12_00000198_1","2023-08-12","1","2","36","8fih [A]","105","X-RAY DIFFRACTION","2.2"
"2023-08-12_00000202_1","2023-08-12","1","2","36","8fvt [A]","100","X-RAY DIFFRACTION","3.07"
"2023-08-12_00000245_1","2023-08-12","1","2","37","8ic8 [H]","378","X-RAY DIFFRACTION","2.42"
"2023-08-12_00000264_1","2023-08-12","0","2","39","8j1c [C]","336","X-RAY DIFFRACTION","2.2"
"2023-08-12_00000287_1","2023-08-12","1","0","31","8os0 [A]","30","SOLUTION NMR","0"
"2023-08-12_00000292_1","2023-08-12","1","0","33","8oxh [A]","93","X-RAY DIFFRACTION","2.5"
"2023-08-12_00000296_1","2023-08-12","1","0","37","8oxl [B]","92","X-RAY DIFFRACTION","1.56"
"2023-08-12_00000330_1","2023-08-12","0","0","38","8pnk [A]","289","X-RAY DIFFRACTION","2.2"
"2023-08-12_00000346_2","2023-08-12","0","1","35","8sk5 [B]","165","X-RAY DIFFRACTION","2.011"
"2023-08-05_00000004_1","2023-08-05","1","0","38","7wu8 [G]","96","X-RAY DIFFRACTION","1.599"
"2023-08-05_00000021_1","2023-08-05","0","2","41","7ylq [A]","512","X-RAY DIFFRACTION","2.68"
"2023-08-05_00000041_2","2023-08-05","0","1","35","8b17 [B]","127","X-RAY DIFFRACTION","2.5"
"2023-08-05_00000089_1","2023-08-05","1","2","37","8cge [B]","304","X-RAY DIFFRACTION","2.5"
"2023-08-05_00000097_1","2023-08-05","2","0","36","8dwq [A]","167","SOLUTION NMR","0"
"2023-08-05_00000114_1","2023-08-05","1","0","39","8e22 [X]","128","SOLUTION NMR","0"
"2023-08-05_00000166_1","2023-08-05","1","0","39","8g64 [A]","172","X-RAY DIFFRACTION","1.6"
"2023-08-05_00000202_1","2023-08-05","0","0","39","8idf [A]","537","X-RAY DIFFRACTION","3.7"
"2023-08-05_00000228_1","2023-08-05","0","2","36","8jku [A]","297","X-RAY DIFFRACTION","2.57"
"2023-08-05_00000246_1","2023-08-05","0","0","37","8or6 [A]","494","X-RAY DIFFRACTION","2.5"
"2023-08-05_00000260_1","2023-08-05","0","2","37","8shh [B]","348","X-RAY DIFFRACTION","1.93"
"2023-08-05_00000271_1","2023-08-05","1","0","38","8t4c [A]","147","X-RAY DIFFRACTION","1.5"
"2023-07-29_00000032_1","2023-07-29","0","0","42","7ymb [A]","351","X-RAY DIFFRACTION","1.8"
"2023-07-29_00000034_1","2023-07-29","2","2","44","7yn1 [B]","370","X-RAY DIFFRACTION","2.5"
"2023-07-29_00000066_1","2023-07-29","1","0","45","8an4 [A]","196","X-RAY DIFFRACTION","1.65"
"2023-07-29_00000067_2","2023-07-29","1","1","44","8an5 [C]","67","X-RAY DIFFRACTION","1.44"
"2023-07-29_00000131_1","2023-07-29","0","0","44","8dqy [A]","125","X-RAY DIFFRACTION","2.1"
"2023-07-29_00000167_1","2023-07-29","0","2","42","8gjh [A]","660","X-RAY DIFFRACTION","3.6"
"2023-07-29_00000180_1","2023-07-29","0","2","43","8h8y [A]","246","X-RAY DIFFRACTION","1.55"
"2023-07-29_00000211_1","2023-07-29","0","2","35","8k4w [D]","30","X-RAY DIFFRACTION","1.5"
"2023-07-29_00000213_1","2023-07-29","0","2","30","8k4y [A]","30","X-RAY DIFFRACTION","1.5"
"2023-07-29_00000242_1","2023-07-29","1","1","45","8siu [A]","383","X-RAY DIFFRACTION","1.8"
"2023-07-29_00000256_1","2023-07-29","0","0","30","8szp [B]","1010","X-RAY DIFFRACTION","2.62"
"2023-07-22_00000042_1","2023-07-22","0","0","43","7yko [A]","260","X-RAY DIFFRACTION","1.15"
"2023-07-22_00000056_1","2023-07-22","1","0","45","7yw2 [A]","249","X-RAY DIFFRACTION","2.23"
"2023-07-22_00000083_1","2023-07-22","1","0","37","8cjp [B]","35","SOLUTION NMR","0"
"2023-07-22_00000085_1","2023-07-22","1","0","37","8cjr [C]","35","SOLUTION NMR","0"
"2023-07-22_00000086_1","2023-07-22","1","0","32","8cjs [E]","35","SOLUTION NMR","0"
"2023-07-22_00000087_1","2023-07-22","1","0","32","8cjt [A]","35","SOLUTION NMR","0"
"2023-07-22_00000115_1","2023-07-22","0","2","44","8dq6 [B]","109","X-RAY DIFFRACTION","1.56"
"2023-07-22_00000122_1","2023-07-22","1","2","43","8dsx [A]","93","SOLUTION NMR","0"
"2023-07-22_00000165_1","2023-07-22","1","1","42","8gug [A]","156","X-RAY DIFFRACTION","2.85"
"2023-07-22_00000173_1","2023-07-22","0","2","43","8hg9 [A]","410","X-RAY DIFFRACTION","2.79"
"2023-07-22_00000183_1","2023-07-22","0","2","43","8i4n [A]","492","X-RAY DIFFRACTION","2.41"
"2023-07-22_00000189_1","2023-07-22","0","0","44","8if7 [A]","383","X-RAY DIFFRACTION","2.2"
"2023-07-22_00000203_1","2023-07-22","1","0","40","8ju8 [A]","139","X-RAY DIFFRACTION","1.85"
"2023-07-22_00000204_1","2023-07-22","1","0","43","8jx6 [B]","457","X-RAY DIFFRACTION","2.1"
"2023-07-22_00000219_1","2023-07-22","1","0","44","8p25 [A]","160","SOLUTION NMR","0"
"2023-07-22_00000250_1","2023-07-22","1","0","46","8tbx [A]","470","X-RAY DIFFRACTION","2.71"
"2023-07-15_00000001_1","2023-07-15","0","2","37","7w91 [A]","56","X-RAY DIFFRACTION","3.292"
"2023-07-15_00000002_1","2023-07-15","1","0","40","7wlh [B]","197","X-RAY DIFFRACTION","2.65"
"2023-07-15_00000006_1","2023-07-15","0","0","43","7y3z [D]","387","X-RAY DIFFRACTION","2.3"
"2023-07-15_00000012_1","2023-07-15","1","2","44","7yh1 [D]","117","X-RAY DIFFRACTION","2.69"
"2023-07-15_00000015_1","2023-07-15","1","2","46","7yh5 [B]","185","X-RAY DIFFRACTION","2.7"
"2023-07-15_00000025_1","2023-07-15","0","2","42","7yii [A]","275","X-RAY DIFFRACTION","1.78"
"2023-07-15_00000034_1","2023-07-15","1","0","41","7zcb [B]","226","X-RAY DIFFRACTION","2.5"
"2023-07-15_00000049_1","2023-07-15","0","2","43","8au0 [B]","42","X-RAY DIFFRACTION","2.07"
"2023-07-15_00000053_1","2023-07-15","0","0","41","8b2h [A]","227","X-RAY DIFFRACTION","2.36"
"2023-07-15_00000067_1","2023-07-15","1","0","42","8cdy [A]","675","X-RAY DIFFRACTION","1.9"
"2023-07-15_00000112_1","2023-07-15","0","0","43","8faf [A]","136","X-RAY DIFFRACTION","1.85"
"2023-07-15_00000123_1","2023-07-15","0","2","43","8fwy [A]","231","X-RAY DIFFRACTION","1.54"
"2023-07-15_00000161_1","2023-07-15","0","0","43","8i6k [A]","217","X-RAY DIFFRACTION","2.4"
"2023-07-15_00000173_1","2023-07-15","0","0","44","8p2a [A]","89","X-RAY DIFFRACTION","2"
"2023-07-15_00000174_1","2023-07-15","1","0","41","8p2b [A]","85","X-RAY DIFFRACTION","2.6"
"2023-07-15_00000195_1","2023-07-15","0","1","41","8pq7 [C]","295","X-RAY DIFFRACTION","2.1"
"2023-07-15_00000198_2","2023-07-15","2","1","39","8sg7 [C]","58","X-RAY DIFFRACTION","2.4"
"2023-07-08_00000071_1","2023-07-08","1","2","42","7y77 [A]","435","X-RAY DIFFRACTION","2.6"
"2023-07-08_00000072_1","2023-07-08","0","0","39","7y7n [A]","137","X-RAY DIFFRACTION","1.764"
"2023-07-08_00000098_1","2023-07-08","0","0","43","7ym9 [A]","268","X-RAY DIFFRACTION","1.34"
"2023-07-08_00000100_1","2023-07-08","0","2","38","7ypc [A]","190","X-RAY DIFFRACTION","2.66"
"2023-07-08_00000104_1","2023-07-08","1","2","47","8a90 [B]","531","X-RAY DIFFRACTION","2.574"
"2023-07-08_00000122_1","2023-07-08","1","0","39","8acr [A]","510","X-RAY DIFFRACTION","2.1"
"2023-07-08_00000147_1","2023-07-08","0","0","43","8b7x [A]","300","X-RAY DIFFRACTION","1.42"
"2023-07-08_00000160_1","2023-07-08","1","2","45","8bdk [A]","96","X-RAY DIFFRACTION","1.88"
"2023-07-08_00000161_1","2023-07-08","0","0","43","8bf6 [A]","297","X-RAY DIFFRACTION","1.969"
"2023-07-08_00000200_1","2023-07-08","1","0","44","8dmu [A]","489","X-RAY DIFFRACTION","2"
"2023-07-08_00000206_1","2023-07-08","1","2","44","8ek4 [B]","141","X-RAY DIFFRACTION","2.35"
"2023-07-08_00000253_1","2023-07-08","0","1","42","8fn9 [A]","234","X-RAY DIFFRACTION","1.8"
"2023-07-08_00000286_3","2023-07-08","0","1","35","8gzo [C]","32","X-RAY DIFFRACTION","1.23"
"2023-07-08_00000287_3","2023-07-08","0","1","35","8h0e [C]","31","X-RAY DIFFRACTION","1.76"
"2023-07-08_00000289_1","2023-07-08","0","2","42","8h1k [A]","423","X-RAY DIFFRACTION","1.6"
"2023-07-01_00000012_1","2023-07-01","1","0","40","7tbo [A]","344","X-RAY DIFFRACTION","2.32"
"2023-07-01_00000020_1","2023-07-01","1","0","41","7xvi [A]","468","X-RAY DIFFRACTION","3.11"
"2023-07-01_00000022_1","2023-07-01","0","0","39","7xyr [A]","591","X-RAY DIFFRACTION","2"
"2023-07-01_00000027_1","2023-07-01","0","0","39","7y1s [A]","519","X-RAY DIFFRACTION","2.748"
"2023-07-01_00000028_1","2023-07-01","0","0","32","7y1u [A]","723","X-RAY DIFFRACTION","2.5"
"2023-07-01_00000095_1","2023-07-01","0","2","32","8a50 [B]","32","X-RAY DIFFRACTION","1.484"
"2023-07-01_00000109_1","2023-07-01","0","0","38","8b9o [A]","155","X-RAY DIFFRACTION","2"
"2023-07-01_00000134_1","2023-07-01","1","0","42","8d2z [A]","327","X-RAY DIFFRACTION","1.85"
"2023-07-01_00000152_1","2023-07-01","0","0","39","8dei [B]","490","X-RAY DIFFRACTION","2.81"
"2023-07-01_00000250_1","2023-07-01","1","0","29","8ftw [A]","166","SOLUTION NMR","0"
"2023-07-01_00000251_1","2023-07-01","2","0","40","8ftx [A]","214","SOLUTION NMR","0"
"2023-07-01_00000255_1","2023-07-01","1","0","37","8fzy [A]","196","X-RAY DIFFRACTION","2.9"
"2023-07-01_00000256_2","2023-07-01","1","1","40","8fzz [B]","202","X-RAY DIFFRACTION","2.68"
"2023-07-01_00000293_1","2023-07-01","0","2","38","8oup [B]","162","X-RAY DIFFRACTION","1.7"
"2023-07-01_00000315_1","2023-07-01","1","1","39","8pfc [A]","105","X-RAY DIFFRACTION","2.2"
"2023-07-01_00000316_2","2023-07-01","0","1","37","8pfd [B]","194","X-RAY DIFFRACTION","2.17"
"2023-06-24_00000020_1","2023-06-24","1","2","37","7yjw [B]","330","X-RAY DIFFRACTION","3.2"
"2023-06-24_00000036_1","2023-06-24","1","0","34","7zn6 [A]","654","X-RAY DIFFRACTION","1.9"
"2023-06-24_00000061_1","2023-06-24","1","2","40","8c7t [B]","262","X-RAY DIFFRACTION","2.21"
"2023-06-24_00000065_1","2023-06-24","2","0","37","8cx6 [A]","240","SOLID-STATE NMR","0"
"2023-06-24_00000118_1","2023-06-24","2","2","38","8flx [A]","352","X-RAY DIFFRACTION","4.5"
"2023-06-24_00000136_1","2023-06-24","1","1","37","8gme [A]","324","X-RAY DIFFRACTION","4.98"
"2023-06-24_00000141_1","2023-06-24","0","1","35","8gv1 [A]","224","X-RAY DIFFRACTION","1.186"
"2023-06-24_00000173_1","2023-06-24","1","2","40","8p26 [J]","238","X-RAY DIFFRACTION","3.6"
"2023-06-24_00000187_1","2023-06-24","1","0","39","8t5j [A]","197","X-RAY DIFFRACTION","1.55"
"2023-06-24_00000188_1","2023-06-24","0","2","40","8t5n [A]","476","X-RAY DIFFRACTION","1.65"
"2023-06-24_00000193_1","2023-06-24","0","0","38","8t7w [A]","307","X-RAY DIFFRACTION","1.55"
"2023-06-17_00000010_1","2023-06-17","1","0","41","7y5m [A]","170","X-RAY DIFFRACTION","1.5"
"2023-06-17_00000020_1","2023-06-17","0","0","44","7ytf [A]","325","X-RAY DIFFRACTION","2.65"
"2023-06-17_00000021_1","2023-06-17","0","2","44","7yth [B]","326","X-RAY DIFFRACTION","1.93"
"2023-06-17_00000029_1","2023-06-17","0","1","43","8ail [I]","225","X-RAY DIFFRACTION","2.45"
"2023-06-17_00000031_2","2023-06-17","1","1","42","8ain [B]","120","X-RAY DIFFRACTION","2.7"
"2023-06-17_00000048_1","2023-06-17","0","0","43","8cm1 [A]","212","X-RAY DIFFRACTION","1.46"
"2023-06-17_00000066_1","2023-06-17","0","0","40","8e4t [A]","283","X-RAY DIFFRACTION","1.95"
"2023-06-17_00000100_1","2023-06-17","1","0","45","8fzb [A]","331","X-RAY DIFFRACTION","3.35"
"2023-06-17_00000120_1","2023-06-17","1","2","44","8gq9 [A]","440","X-RAY DIFFRACTION","2.3"
"2023-06-17_00000137_1","2023-06-17","0","0","44","8hp5 [A]","289","X-RAY DIFFRACTION","2.5"
"2023-06-17_00000169_2","2023-06-17","1","1","41","8itg [B]","42","X-RAY DIFFRACTION","2.25"
"2023-06-17_00000199_1","2023-06-17","0","2","38","8ofj [B]","166","X-RAY DIFFRACTION","2.25"
"2023-06-17_00000205_1","2023-06-17","0","2","44","8ovh [A]","464","X-RAY DIFFRACTION","2.171"
"2023-06-17_00000210_1","2023-06-17","0","2","38","8p0s [A]","133","X-RAY DIFFRACTION","2.2"
"2023-06-10_00000226_1","2023-06-10","1","0","46","7qf8 [A]","519","X-RAY DIFFRACTION","2.009"
"2023-06-10_00000244_1","2023-06-10","1","0","45","7uwu [A]","635","X-RAY DIFFRACTION","2.19"
"2023-06-10_00000250_1","2023-06-10","1","2","37","7xpi [A]","371","X-RAY DIFFRACTION","2"
"2023-06-10_00000295_1","2023-06-10","0","0","36","7ylt [A]","361","X-RAY DIFFRACTION","2.3"
"2023-06-10_00000310_1","2023-06-10","0","0","43","8a0n [B]","213","X-RAY DIFFRACTION","1.4"
"2023-06-10_00000342_2","2023-06-10","0","1","40","8aok [B]","128","X-RAY DIFFRACTION","1.6"
"2023-06-10_00000358_1","2023-06-10","0","0","39","8c2o [A]","264","X-RAY DIFFRACTION","2.35"
"2023-06-10_00000402_3","2023-06-10","0","1","38","8d9y [I]","71","X-RAY DIFFRACTION","2.2"
"2023-06-10_00000407_1","2023-06-10","0","2","39","8dl5 [B]","496","X-RAY DIFFRACTION","2.1"
"2023-06-10_00000482_2","2023-06-10","1","1","41","8ij9 [C]","78","X-RAY DIFFRACTION","2.04"
"2023-06-10_00000517_2","2023-06-10","1","1","34","8ojs [B]","227","X-RAY DIFFRACTION","2.75"
"2023-06-03_00000012_1","2023-06-03","1","1","43","7xpc [A]","337","X-RAY DIFFRACTION","3.31"
"2023-06-03_00000013_1","2023-06-03","1","2","45","7xrb [A]","232","X-RAY DIFFRACTION","1.65"
"2023-06-03_00000014_1","2023-06-03","1","2","39","7xsy [A]","667","X-RAY DIFFRACTION","2.5"
"2023-06-03_00000069_2","2023-06-03","2","1","43","8as9 [D]","51","X-RAY DIFFRACTION","3.4"
"2023-06-03_00000077_1","2023-06-03","0","0","38","8b48 [A]","394","X-RAY DIFFRACTION","2.65"
"2023-06-03_00000081_1","2023-06-03","1","0","44","8bgj [A]","224","X-RAY DIFFRACTION","1.63"
"2023-06-03_00000110_1","2023-06-03","0","0","44","8cri [A]","335","X-RAY DIFFRACTION","2.1"
"2023-06-03_00000130_1","2023-06-03","1","2","46","8dq2 [A]","110","X-RAY DIFFRACTION","1.8"
"2023-06-03_00000131_1","2023-06-03","0","2","33","8e1u [A]","1131","X-RAY DIFFRACTION","2.65"
"2023-06-03_00000174_1","2023-06-03","0","1","40","8gbw [H]","243","X-RAY DIFFRACTION","1.5"
"2023-06-03_00000178_1","2023-06-03","0","1","40","8gc0 [H]","236","X-RAY DIFFRACTION","2.43"
"2023-06-03_00000216_2","2023-06-03","1","1","40","8ie2 [H]","694","X-RAY DIFFRACTION","3.6"
"2023-06-03_00000218_1","2023-06-03","1","0","37","8iic [B]","524","X-RAY DIFFRACTION","3.25"
"2023-06-03_00000230_1","2023-06-03","1","2","38","8oq1 [A]","710","X-RAY DIFFRACTION","1.55"
"2023-05-27_00000000_1","2023-05-27","0","2","41","7qbj [D]","507","X-RAY DIFFRACTION","2.27"
"2023-05-27_00000018_2","2023-05-27","0","1","30","7xld [B]","134","X-RAY DIFFRACTION","1.65"
"2023-05-27_00000057_1","2023-05-27","1","1","32","7yk3 [A]","242","X-RAY DIFFRACTION","2.2"
"2023-05-27_00000066_1","2023-05-27","0","2","38","7ypv [A]","206","X-RAY DIFFRACTION","2.415"
"2023-05-27_00000100_1","2023-05-27","1","0","36","8ahk [A]","41","SOLUTION NMR","0"
"2023-05-27_00000110_1","2023-05-27","0","0","34","8b6a [B]","214","X-RAY DIFFRACTION","1.77"
"2023-05-27_00000117_1","2023-05-27","1","0","39","8bb6 [A]","519","X-RAY DIFFRACTION","2.68"
"2023-05-27_00000157_1","2023-05-27","1","2","42","8du5 [A]","378","X-RAY DIFFRACTION","3.5"
"2023-05-27_00000178_1","2023-05-27","0","1","30","8ee0 [A]","932","X-RAY DIFFRACTION","2.65"
"2023-05-27_00000198_1","2023-05-27","0","0","32","8fbt [A]","432","X-RAY DIFFRACTION","2.2"
"2023-05-27_00000265_1","2023-05-27","0","0","43","8hfa [A]","253","X-RAY DIFFRACTION","2.64"
"2023-05-27_00000289_1","2023-05-27","1","0","31","8odw [A]","639","X-RAY DIFFRACTION","3.07"
"2023-05-27_00000290_1","2023-05-27","0","2","36","8oek [A]","449","X-RAY DIFFRACTION","2.22"
"2023-05-27_00000291_1","2023-05-27","0","0","29","8of9 [A]","266","X-RAY DIFFRACTION","3.11"
"2023-05-27_00000312_1","2023-05-27","0","0","41","8swd [A]","195","X-RAY DIFFRACTION","2.45"
"2023-05-20_00000027_1","2023-05-20","0","0","41","7y4h [A]","338","X-RAY DIFFRACTION","1.8"
"2023-05-20_00000029_1","2023-05-20","0","0","39","7y54 [A]","100","X-RAY DIFFRACTION","1.787"
"2023-05-20_00000030_1","2023-05-20","0","0","40","7y5j [A]","102","X-RAY DIFFRACTION","1.6"
"2023-05-20_00000035_1","2023-05-20","0","0","39","7y8h [B]","100","X-RAY DIFFRACTION","1.8"
"2023-05-20_00000036_1","2023-05-20","1","0","23","7y8i [E]","97","X-RAY DIFFRACTION","1.9"
"2023-05-20_00000037_1","2023-05-20","1","2","46","7y8s [B]","298","X-RAY DIFFRACTION","2.696"
"2023-05-20_00000049_1","2023-05-20","1","0","44","7yhr [A]","60","X-RAY DIFFRACTION","1.45"
"2023-05-20_00000055_1","2023-05-20","0","2","43","7ypn [D]","475","X-RAY DIFFRACTION","2.049"
"2023-05-20_00000064_1","2023-05-20","2","2","41","7ztw [A]","150","X-RAY DIFFRACTION","1.93"
"2023-05-20_00000068_1","2023-05-20","2","2","41","7zua [A]","125","X-RAY DIFFRACTION","1.68"
"2023-05-20_00000107_1","2023-05-20","0","1","41","8bs8 [H]","307","X-RAY DIFFRACTION","1.59"
"2023-05-20_00000139_1","2023-05-20","1","2","32","8d0o [A]","322","X-RAY DIFFRACTION","2.1"
"2023-05-20_00000209_1","2023-05-20","0","2","39","8fxf [A]","93","X-RAY DIFFRACTION","2.8"
"2023-05-20_00000211_1","2023-05-20","1","0","41","8g52 [A]","329","X-RAY DIFFRACTION","1.88"
"2023-05-20_00000212_1","2023-05-20","1","0","46","8g53 [A]","218","X-RAY DIFFRACTION","1.03"
"2023-05-20_00000249_1","2023-05-20","0","2","43","8hfw [A]","304","X-RAY DIFFRACTION","1.66"
"2023-05-13_00000022_1","2023-05-13","0","0","42","7xc8 [A]","249","X-RAY DIFFRACTION","2.55"
"2023-05-13_00000035_1","2023-05-13","0","2","42","7xr8 [A]","328","X-RAY DIFFRACTION","1.94"
"2023-05-13_00000038_1","2023-05-13","0","2","45","7xri [A]","258","X-RAY DIFFRACTION","2.19"
"2023-05-13_00000050_1","2023-05-13","1","2","45","7yfu [A]","45","X-RAY DIFFRACTION","1.5"
"2023-05-13_00000051_1","2023-05-13","0","2","37","7yfv [B]","60","X-RAY DIFFRACTION","2.2"
"2023-05-13_00000063_1","2023-05-13","1","0","46","7zs0 [A]","316","X-RAY DIFFRACTION","1.75"
"2023-05-13_00000079_1","2023-05-13","2","2","39","8a14 [A]","324","X-RAY DIFFRACTION","1.9"
"2023-05-13_00000092_1","2023-05-13","1","2","40","8cok [B]","104","X-RAY DIFFRACTION","2.91"
"2023-05-13_00000104_1","2023-05-13","1","1","44","8cyf [A]","102","X-RAY DIFFRACTION","2.44"
"2023-05-13_00000110_1","2023-05-13","0","2","37","8dhe [A]","687","X-RAY DIFFRACTION","2.2"
"2023-05-13_00000132_1","2023-05-13","0","0","43","8fn5 [A]","632","X-RAY DIFFRACTION","1.92"
"2023-05-13_00000145_1","2023-05-13","0","0","42","8ghx [A]","365","X-RAY DIFFRACTION","2.46"
"2023-05-13_00000153_2","2023-05-13","2","1","40","8gp6 [A]","348","X-RAY DIFFRACTION","2.7"
"2023-05-06_00000020_1","2023-05-06","1","2","43","7spq [A]","328","X-RAY DIFFRACTION","1.8"
"2023-05-06_00000024_1","2023-05-06","1","2","43","7txe [A]","159","X-RAY DIFFRACTION","2.3"
"2023-05-06_00000038_1","2023-05-06","2","2","36","7uyx [B]","196","X-RAY DIFFRACTION","2.63"
"2023-05-06_00000063_1","2023-05-06","0","2","36","7zng [A]","230","X-RAY DIFFRACTION","2.3"
"2023-05-06_00000066_1","2023-05-06","0","0","33","7znp [A]","505","X-RAY DIFFRACTION","2.15"
"2023-05-06_00000069_1","2023-05-06","1","0","45","7zoh [C]","147","X-RAY DIFFRACTION","1.56"
"2023-05-06_00000171_1","2023-05-06","0","0","42","8e4f [A]","195","X-RAY DIFFRACTION","2.47"
"2023-05-06_00000212_1","2023-05-06","0","2","44","8g9m [A]","267","X-RAY DIFFRACTION","2.5"
"2023-05-06_00000247_1","2023-05-06","1","2","43","8smq [A]","173","X-RAY DIFFRACTION","2"
"2023-05-06_00000248_1","2023-05-06","0","2","39","8sng [A]","387","X-RAY DIFFRACTION","1.55"
"2023-04-29_00000001_1","2023-04-29","0","2","40","7s2i [A]","279","X-RAY DIFFRACTION","2.32"
"2023-04-29_00000002_1","2023-04-29","0","2","39","7s2j [C]","271","X-RAY DIFFRACTION","1.85"
"2023-04-29_00000005_1","2023-04-29","0","2","38","7s2m [B]","265","X-RAY DIFFRACTION","2.42"
"2023-04-29_00000015_1","2023-04-29","0","0","44","7ulq [E]","73","X-RAY DIFFRACTION","2.2"
"2023-04-29_00000026_1","2023-04-29","1","0","40","7uvg [A]","183","X-RAY DIFFRACTION","1.77"
"2023-04-29_00000044_1","2023-04-29","0","0","43","7xmh [A]","294","X-RAY DIFFRACTION","1.18"
"2023-04-29_00000046_1","2023-04-29","0","0","42","7xnd [B]","207","X-RAY DIFFRACTION","1.6"
"2023-04-29_00000047_1","2023-04-29","1","2","43","7xnj [B]","76","X-RAY DIFFRACTION","2.1"
"2023-04-29_00000067_1","2023-04-29","0","0","38","7y97 [A]","406","X-RAY DIFFRACTION","2.36"
"2023-04-29_00000088_1","2023-04-29","1","1","39","8aaj [A]","358","X-RAY DIFFRACTION","3.7"
"2023-04-29_00000101_2","2023-04-29","1","1","45","8ba1 [B]","116","SOLUTION NMR","0"
"2023-04-29_00000115_1","2023-04-29","1","0","44","8bvp [A]","542","X-RAY DIFFRACTION","2.1"
"2023-04-29_00000133_1","2023-04-29","0","0","44","8dy2 [B]","252","X-RAY DIFFRACTION","1.65"
"2023-04-29_00000134_1","2023-04-29","0","0","42","8dy3 [A]","249","X-RAY DIFFRACTION","1.509"
"2023-04-29_00000135_1","2023-04-29","0","0","42","8dy4 [A]","252","X-RAY DIFFRACTION","2.4"
"2023-04-29_00000160_1","2023-04-29","1","2","30","8elf [B]","407","X-RAY DIFFRACTION","2"
"2023-04-29_00000175_1","2023-04-29","0","2","32","8fhj [C]","557","X-RAY DIFFRACTION","2.61"
"2023-04-22_00000019_2","2023-04-22","1","1","40","7wko [B]","269","X-RAY DIFFRACTION","2.3"
"2023-04-22_00000020_1","2023-04-22","1","0","45","7wkp [A]","189","X-RAY DIFFRACTION","2"
"2023-04-22_00000030_1","2023-04-22","0","0","32","7xjm [A]","326","X-RAY DIFFRACTION","1.755"
"2023-04-22_00000032_1","2023-04-22","1","0","35","7xjr [A]","337","X-RAY DIFFRACTION","1.85"
"2023-04-22_00000054_1","2023-04-22","1","0","43","7ynx [A]","203","X-RAY DIFFRACTION","2.3"
"2023-04-22_00000060_1","2023-04-22","2","0","47","7zk0 [A]","89","SOLUTION NMR","0"
"2023-04-22_00000082_1","2023-04-22","1","2","38","7zpn [A]","184","X-RAY DIFFRACTION","1.94"
"2023-04-22_00000083_1","2023-04-22","1","2","38","8a0c [A]","1173","X-RAY DIFFRACTION","2.9"
"2023-04-22_00000098_1","2023-04-22","1","0","41","8a8k [A]","335","X-RAY DIFFRACTION","3.1"
"2023-04-22_00000115_2","2023-04-22","1","1","42","8arb [B]","76","X-RAY DIFFRACTION","2.63"
"2023-04-22_00000164_2","2023-04-22","0","1","43","8dqm [H]","139","X-RAY DIFFRACTION","2.7"
"2023-04-22_00000202_1","2023-04-22","0","2","44","8gqz [A]","479","X-RAY DIFFRACTION","1.42"
"2023-04-22_00000207_1","2023-04-22","0","0","38","8gxd [A]","374","X-RAY DIFFRACTION","3.02"
"2023-04-22_00000219_3","2023-04-22","1","1","43","8hhf [L]","121","X-RAY DIFFRACTION","3.04"
"2023-04-22_00000222_2","2023-04-22","1","1","38","8hk0 [B]","384","X-RAY DIFFRACTION","2.29"
"2023-04-15_00000012_1","2023-04-15","1","2","53","7unh [A]","246","X-RAY DIFFRACTION","2.4"
"2023-04-15_00000016_1","2023-04-15","0","2","52","7uoc [A]","274","X-RAY DIFFRACTION","2.3"
"2023-04-15_00000043_1","2023-04-15","1","0","44","7xio [B]","497","X-RAY DIFFRACTION","2.64"
"2023-04-15_00000050_1","2023-04-15","0","2","51","7xrq [A]","355","X-RAY DIFFRACTION","2.501"
"2023-04-15_00000051_1","2023-04-15","0","0","50","7y11 [A]","299","X-RAY DIFFRACTION","1.95"
"2023-04-15_00000121_1","2023-04-15","0","2","49","8avk [A]","203","X-RAY DIFFRACTION","2.1"
"2023-04-15_00000122_1","2023-04-15","0","2","49","8avl [A]","192","X-RAY DIFFRACTION","1.6"
"2023-04-15_00000123_1","2023-04-15","0","2","49","8avm [A]","192","X-RAY DIFFRACTION","2"
"2023-04-15_00000205_1","2023-04-15","1","2","47","8gps [A]","244","X-RAY DIFFRACTION","1.39"
"2023-04-15_00000207_1","2023-04-15","0","0","44","8gyn [A]","160","X-RAY DIFFRACTION","1.38"
"2023-04-15_00000210_1","2023-04-15","1","0","51","8h02 [A]","84","X-RAY DIFFRACTION","1.552"
"2023-04-15_00000232_1","2023-04-15","0","0","36","8ian [A]","270","X-RAY DIFFRACTION","2.08"
"2023-04-15_00000234_1","2023-04-15","0","0","41","8ibj [A]","270","X-RAY DIFFRACTION","1.92"
"2023-04-15_00000235_1","2023-04-15","1","0","39","8inh [B]","479","X-RAY DIFFRACTION","2.5"
"2023-04-15_00000255_1","2023-04-15","0","0","36","8sf3 [A]","713","X-RAY DIFFRACTION","1.7"
"2023-04-08_00000022_2","2023-04-08","0","1","50","7sfy [C]","42","X-RAY DIFFRACTION","2.5"
"2023-04-08_00000039_2","2023-04-08","1","1","50","7txf [F]","30","X-RAY DIFFRACTION","2.47"
"2023-04-08_00000056_1","2023-04-08","0","2","50","7ukx [B]","415","X-RAY DIFFRACTION","1.8"
"2023-04-08_00000077_2","2023-04-08","0","1","50","7xad [C]","105","X-RAY DIFFRACTION","3"
"2023-04-08_00000084_1","2023-04-08","1","2","51","7xgt [B]","302","X-RAY DIFFRACTION","1.7"
"2023-04-08_00000085_1","2023-04-08","1","0","52","7xgv [A]","655","X-RAY DIFFRACTION","2.27"
"2023-04-08_00000118_1","2023-04-08","1","0","50","7zl9 [A]","431","X-RAY DIFFRACTION","2.7"
"2023-04-08_00000119_1","2023-04-08","1","0","49","7zly [A]","431","X-RAY DIFFRACTION","2.7"
"2023-04-08_00000137_1","2023-04-08","0","2","49","8ast [C]","131","X-RAY DIFFRACTION","1.55"
"2023-04-08_00000157_1","2023-04-08","1","0","47","8c3e [A]","58","X-RAY DIFFRACTION","2.1"
"2023-04-08_00000175_1","2023-04-08","1","2","49","8e0l [A]","165","X-RAY DIFFRACTION","2.1"
"2023-04-08_00000197_1","2023-04-08","1","2","49","8fft [D]","370","X-RAY DIFFRACTION","2.1"
"2023-04-08_00000264_1","2023-04-08","0","0","50","8sbn [A]","214","X-RAY DIFFRACTION","1.15"
"2023-04-01_00000008_1","2023-04-01","0","0","52","7ui2 [B]","128","X-RAY DIFFRACTION","1.19"
"2023-04-01_00000009_1","2023-04-01","0","1","52","7ui8 [A]","128","X-RAY DIFFRACTION","2.373"
"2023-04-01_00000013_1","2023-04-01","0","1","48","7uie [E]","138","X-RAY DIFFRACTION","3.23"
"2023-04-01_00000027_1","2023-04-01","1","0","51","7uv3 [A]","48","SOLUTION NMR","0"
"2023-04-01_00000038_1","2023-04-01","1","0","49","7x2n [A]","388","X-RAY DIFFRACTION","1.72"
"2023-04-01_00000041_1","2023-04-01","1","2","50","7x36 [A]","373","X-RAY DIFFRACTION","1.92"
"2023-04-01_00000057_1","2023-04-01","0","2","50","7xfs [A]","96","X-RAY DIFFRACTION","1.06"
"2023-04-01_00000084_1","2023-04-01","0","2","54","7zbh [B]","453","X-RAY DIFFRACTION","3.3"
"2023-04-01_00000112_1","2023-04-01","0","2","53","8ag8 [A]","113","X-RAY DIFFRACTION","1.8"
"2023-04-01_00000114_1","2023-04-01","1","1","53","8av2 [B]","198","X-RAY DIFFRACTION","1.75"
"2023-04-01_00000131_1","2023-04-01","1","2","44","8bs7 [C]","217","X-RAY DIFFRACTION","3.2"
"2023-04-01_00000234_1","2023-04-01","0","2","51","8fx9 [A]","170","X-RAY DIFFRACTION","1.36"
"2023-04-01_00000241_2","2023-04-01","1","1","49","8gai [D]","30","X-RAY DIFFRACTION","2.65"
"2023-04-01_00000245_1","2023-04-01","0","2","47","8hye [C]","372","X-RAY DIFFRACTION","2.2"
"2023-04-01_00000247_2","2023-04-01","1","1","50","8i2e [B]","311","X-RAY DIFFRACTION","3.2"
"2023-04-01_00000254_1","2023-04-01","0","0","52","8iom [A]","205","X-RAY DIFFRACTION","3"
"2023-03-25_00000057_1","2023-03-25","2","0","45","7uba [A]","213","X-RAY DIFFRACTION","1.599"
"2023-03-25_00000064_1","2023-03-25","0","2","39","7ueh [G]","475","X-RAY DIFFRACTION","2.4"
"2023-03-25_00000092_2","2023-03-25","1","1","46","7w75 [D]","206","X-RAY DIFFRACTION","3.2"
"2023-03-25_00000097_1","2023-03-25","2","0","51","7xbj [A]","368","X-RAY DIFFRACTION","2.08"
"2023-03-25_00000109_1","2023-03-25","0","0","43","7xdv [A]","313","X-RAY DIFFRACTION","1.97"
"2023-03-25_00000115_1","2023-03-25","0","0","45","7xks [A]","304","X-RAY DIFFRACTION","1.78"
"2023-03-25_00000138_1","2023-03-25","0","2","49","7xuy [A]","70","X-RAY DIFFRACTION","2.001"
"2023-03-25_00000184_2","2023-03-25","0","1","47","7zak [B]","262","X-RAY DIFFRACTION","1.62"
"2023-03-25_00000205_1","2023-03-25","0","0","39","8ak2 [A]","297","X-RAY DIFFRACTION","1.75"
"2023-03-25_00000225_1","2023-03-25","1","2","33","8b7f [A]","474","X-RAY DIFFRACTION","4.6"
"2023-03-25_00000252_2","2023-03-25","2","1","45","8dvn [B]","32","X-RAY DIFFRACTION","2.53"
"2023-03-25_00000258_1","2023-03-25","0","2","43","8e7n [A]","303","X-RAY DIFFRACTION","1.65"
"2023-03-25_00000277_1","2023-03-25","1","0","43","8fey [A]","36","SOLUTION NMR","0"
"2023-03-25_00000297_1","2023-03-25","1","1","49","8g0p [A]","143","X-RAY DIFFRACTION","2"
"2023-03-18_00000017_2","2023-03-18","1","1","48","7udj [H]","192","X-RAY DIFFRACTION","2.7"
"2023-03-18_00000018_1","2023-03-18","1","1","41","7udk [A]","172","X-RAY DIFFRACTION","3.18"
"2023-03-18_00000026_1","2023-03-18","1","0","38","7uwy [A]","61","SOLUTION NMR","0"
"2023-03-18_00000027_1","2023-03-18","2","0","46","7uwz [A]","62","SOLUTION NMR","0"
"2023-03-18_00000050_1","2023-03-18","1","0","42","7xb6 [A]","597","X-RAY DIFFRACTION","2.901"
"2023-03-18_00000082_1","2023-03-18","1","0","42","7z35 [A]","81","X-RAY DIFFRACTION","2.3"
"2023-03-18_00000108_1","2023-03-18","1","0","41","7ztf [A]","58","X-RAY DIFFRACTION","1.1"
"2023-03-18_00000119_1","2023-03-18","0","0","45","7zvh [A]","58","X-RAY DIFFRACTION","1.2"
"2023-03-18_00000120_1","2023-03-18","1","0","40","7zw2 [A]","58","X-RAY DIFFRACTION","1.2"
"2023-03-18_00000137_1","2023-03-18","1","0","41","8ark [A]","546","X-RAY DIFFRACTION","3.22"
"2023-03-18_00000155_1","2023-03-18","0","2","39","8bj4 [C]","363","X-RAY DIFFRACTION","1.45"
"2023-03-18_00000185_1","2023-03-18","1","2","42","8dba [G]","568","X-RAY DIFFRACTION","3.5"
"2023-03-18_00000197_1","2023-03-18","1","0","44","8dvq [A]","166","X-RAY DIFFRACTION","2.19"
"2023-03-18_00000199_1","2023-03-18","1","0","38","8dx0 [A]","154","X-RAY DIFFRACTION","1.45"
"2023-03-18_00000217_1","2023-03-18","1","0","41","8ew8 [A]","249","X-RAY DIFFRACTION","2.15"
"2023-03-11_00000018_1","2023-03-11","0","0","46","7u6i [A]","251","X-RAY DIFFRACTION","2.05"
"2023-03-11_00000044_1","2023-03-11","1","2","49","7x6f [D]","175","X-RAY DIFFRACTION","2.3"
"2023-03-11_00000047_2","2023-03-11","0","1","46","7x7h [B]","91","X-RAY DIFFRACTION","2"
"2023-03-11_00000062_1","2023-03-11","0","0","35","7xtj [B]","788","X-RAY DIFFRACTION","2.5"
"2023-03-11_00000070_1","2023-03-11","0","0","51","7ysi [A]","149","X-RAY DIFFRACTION","1.202"
"2023-03-11_00000086_1","2023-03-11","0","1","49","8ahq [A]","250","X-RAY DIFFRACTION","2.1"
"2023-03-11_00000122_2","2023-03-11","0","1","40","8emy [G]","122","X-RAY DIFFRACTION","1.7"
"2023-03-11_00000130_2","2023-03-11","0","1","41","8en6 [C]","121","X-RAY DIFFRACTION","1.6"
"2023-03-11_00000146_1","2023-03-11","0","0","41","8fc0 [C]","381","X-RAY DIFFRACTION","2.1"
"2023-03-11_00000152_1","2023-03-11","1","0","48","8gbe [A]","207","X-RAY DIFFRACTION","1.46"
"2023-03-11_00000154_1","2023-03-11","1","2","47","8gci [A]","282","X-RAY DIFFRACTION","2.42"
"2023-03-11_00000164_1","2023-03-11","1","2","40","8i5a [A]","776","X-RAY DIFFRACTION","2.75"
"2023-03-04_00000110_1","2023-03-04","1","2","46","8aep [A]","403","X-RAY DIFFRACTION","2.3"
"2023-03-04_00000111_1","2023-03-04","1","0","46","8afo [A]","216","X-RAY DIFFRACTION","1.99"
"2023-03-04_00000124_1","2023-03-04","0","0","50","8air [A]","287","X-RAY DIFFRACTION","1.08"
"2023-03-04_00000126_1","2023-03-04","0","0","40","8ait [A]","310","X-RAY DIFFRACTION","1.24"
"2023-03-04_00000157_1","2023-03-04","1","2","46","8bgt [A]","319","X-RAY DIFFRACTION","2.15"
"2023-03-04_00000167_1","2023-03-04","1","2","46","8bie [A]","318","X-RAY DIFFRACTION","2.25"
"2023-03-04_00000168_1","2023-03-04","1","2","49","8bif [A]","318","X-RAY DIFFRACTION","2"
"2023-03-04_00000171_1","2023-03-04","1","2","47","8bii [A]","335","X-RAY DIFFRACTION","2.8"
"2023-03-04_00000172_1","2023-03-04","1","2","46","8bij [A]","318","X-RAY DIFFRACTION","1.55"
"2023-03-04_00000237_1","2023-03-04","1","0","47","8e7f [A]","618","X-RAY DIFFRACTION","2"
"2023-03-04_00000248_1","2023-03-04","1","2","51","8ein [B]","370","X-RAY DIFFRACTION","2.7"
"2023-03-04_00000265_1","2023-03-04","1","0","39","8f3k [A]","124","X-RAY DIFFRACTION","2.1"
"2023-03-04_00000269_1","2023-03-04","1","0","45","8f70 [A]","568","X-RAY DIFFRACTION","2.29"
"2023-02-25_00000019_1","2023-02-25","1","2","48","7uql [A]","158","X-RAY DIFFRACTION","1.9"
"2023-02-25_00000035_1","2023-02-25","1","2","49","7x2p [A]","252","X-RAY DIFFRACTION","2.89"
"2023-02-25_00000036_1","2023-02-25","0","0","44","7x2q [A]","476","X-RAY DIFFRACTION","3.68"
"2023-02-25_00000049_1","2023-02-25","0","2","45","7xll [A]","380","X-RAY DIFFRACTION","1.76"
"2023-02-25_00000075_1","2023-02-25","0","0","42","7yzw [D]","132","X-RAY DIFFRACTION","1.6"
"2023-02-25_00000076_1","2023-02-25","0","1","49","7zmk [A]","255","X-RAY DIFFRACTION","3.4"
"2023-02-25_00000090_1","2023-02-25","1","1","48","8ath [A]","171","X-RAY DIFFRACTION","2.366"
"2023-02-25_00000118_1","2023-02-25","1","0","46","8ayr [A]","704","X-RAY DIFFRACTION","2.7"
"2023-02-25_00000123_1","2023-02-25","1","2","41","8brp [A]","309","X-RAY DIFFRACTION","2.6"
"2023-02-25_00000130_1","2023-02-25","0","2","49","8cip [A]","681","X-RAY DIFFRACTION","2.1"
"2023-02-25_00000137_1","2023-02-25","0","1","45","8ct8 [A]","161","X-RAY DIFFRACTION","2.5"
"2023-02-25_00000137_2","2023-02-25","0","1","41","8ct8 [C]","161","X-RAY DIFFRACTION","2.5"
"2023-02-25_00000142_1","2023-02-25","1","0","46","8df0 [B]","174","X-RAY DIFFRACTION","2.1"
"2023-02-25_00000144_1","2023-02-25","0","2","49","8dgd [A]","178","X-RAY DIFFRACTION","1.9"
"2023-02-25_00000146_2","2023-02-25","0","1","40","8dpb [C]","191","X-RAY DIFFRACTION","2.72"
"2023-02-25_00000153_1","2023-02-25","1","2","55","8eaw [a]","323","X-RAY DIFFRACTION","2.8"
"2023-02-25_00000178_2","2023-02-25","2","1","45","8fk3 [B]","40","X-RAY DIFFRACTION","2.6"
"2023-02-25_00000185_2","2023-02-25","1","1","46","8ftu [B]","113","X-RAY DIFFRACTION","5.73"
"2023-02-25_00000191_1","2023-02-25","0","2","42","8g4u [A]","881","X-RAY DIFFRACTION","2.9"
"2023-02-18_00000046_1","2023-02-18","0","2","26","7wxe [A]","310","X-RAY DIFFRACTION","2.5"
"2023-02-18_00000058_1","2023-02-18","1","0","25","7wzl [A]","492","X-RAY DIFFRACTION","2.27"
"2023-02-18_00000061_2","2023-02-18","2","1","21","7x9g [C]","123","X-RAY DIFFRACTION","2.8"
"2023-02-18_00000064_1","2023-02-18","1","2","20","7xhp [F]","493","X-RAY DIFFRACTION","2.78"
"2023-02-18_00000080_1","2023-02-18","1","0","20","7ygk [A]","113","X-RAY DIFFRACTION","1.24"
"2023-02-18_00000102_1","2023-02-18","1","2","26","7z4x [A]","433","X-RAY DIFFRACTION","2.05"
"2023-02-18_00000104_1","2023-02-18","1","0","23","7z8e [A]","610","X-RAY DIFFRACTION","1.58"
"2023-02-18_00000124_1","2023-02-18","1","2","25","8a2n [B]","348","X-RAY DIFFRACTION","2.35"
"2023-02-18_00000137_1","2023-02-18","0","0","25","8are [A]","525","X-RAY DIFFRACTION","1.9"
"2023-02-18_00000139_1","2023-02-18","0","0","21","8ay0 [B]","521","X-RAY DIFFRACTION","1.51"
"2023-02-18_00000185_1","2023-02-18","1","0","24","8dpk [A]","300","X-RAY DIFFRACTION","1.94"
"2023-02-18_00000205_2","2023-02-18","1","1","21","8egw [B]","467","X-RAY DIFFRACTION","2.3"
"2023-02-18_00000272_2","2023-02-18","1","1","22","8he0 [B]","43","X-RAY DIFFRACTION","1.8"
"2023-02-18_00000274_1","2023-02-18","0","0","20","8hkg [B]","383","X-RAY DIFFRACTION","2.56"
"2023-02-11_00000073_1","2023-02-11","1","0","38","7r2x [A]","773","X-RAY DIFFRACTION","3.35"
"2023-02-11_00000081_1","2023-02-11","0","2","40","7r39 [A]","438","X-RAY DIFFRACTION","2.5"
"2023-02-11_00000114_2","2023-02-11","0","1","32","7uc8 [H]","264","X-RAY DIFFRACTION","2.9"
"2023-02-11_00000115_2","2023-02-11","0","1","33","7ucq [H]","261","X-RAY DIFFRACTION","2.5"
"2023-02-11_00000117_1","2023-02-11","1","2","47","7ug2 [A]","59","X-RAY DIFFRACTION","2.052"
"2023-02-11_00000125_1","2023-02-11","1","0","41","7uk6 [A]","394","X-RAY DIFFRACTION","1.9"
"2023-02-11_00000155_1","2023-02-11","1","2","41","7wup [A]","426","X-RAY DIFFRACTION","2.3"
"2023-02-11_00000184_1","2023-02-11","1","2","38","7xre [C]","367","X-RAY DIFFRACTION","2.76"
"2023-02-11_00000189_1","2023-02-11","1","0","48","7ydt [A]","161","X-RAY DIFFRACTION","2.055"
"2023-02-11_00000208_1","2023-02-11","2","1","48","8adb [A]","215","X-RAY DIFFRACTION","1.73"
"2023-02-11_00000212_1","2023-02-11","1","0","37","8amo [A]","399","X-RAY DIFFRACTION","1.4"
"2023-02-11_00000214_1","2023-02-11","1","0","36","8amq [A]","484","X-RAY DIFFRACTION","1.6"
"2023-02-11_00000240_1","2023-02-11","1","0","24","8bvo [A]","199","X-RAY DIFFRACTION","2.55"
"2023-02-11_00000242_1","2023-02-11","1","0","23","8bxr [A]","300","X-RAY DIFFRACTION","2.7"
"2023-02-11_00000253_1","2023-02-11","1","0","44","8daj [A]","302","X-RAY DIFFRACTION","1.2"
"2023-02-11_00000284_1","2023-02-11","0","1","47","8e3g [A]","396","X-RAY DIFFRACTION","2.8"
"2023-02-04_00000010_1","2023-02-04","1","0","41","7qw4 [L]","193","X-RAY DIFFRACTION","3.1"
"2023-02-04_00000042_1","2023-02-04","2","0","41","7tod [A]","108","SOLUTION NMR","0"
"2023-02-04_00000060_1","2023-02-04","1","2","41","7x7z [B]","145","X-RAY DIFFRACTION","2.903"
"2023-02-04_00000066_1","2023-02-04","0","2","40","7xdr [A]","480","X-RAY DIFFRACTION","2.4"
"2023-02-04_00000068_1","2023-02-04","0","0","38","7xg7 [A]","326","X-RAY DIFFRACTION","1.7"
"2023-02-04_00000069_1","2023-02-04","0","0","38","7xg8 [A]","321","X-RAY DIFFRACTION","2.25"
"2023-02-04_00000095_1","2023-02-04","2","1","40","7ytt [A]","92","X-RAY DIFFRACTION","1.81"
"2023-02-04_00000111_1","2023-02-04","1","0","39","7zvo [A]","141","X-RAY DIFFRACTION","1.65"
"2023-02-04_00000137_1","2023-02-04","0","0","40","8c3x [A]","234","X-RAY DIFFRACTION","0.82"
"2023-02-04_00000162_1","2023-02-04","0","2","41","8eyn [A]","568","X-RAY DIFFRACTION","1.94"
"2023-02-04_00000189_2","2023-02-04","0","1","35","8h3x [A]","128","X-RAY DIFFRACTION","1.66"
"2023-02-04_00000190_2","2023-02-04","0","1","35","8h3y [D]","127","X-RAY DIFFRACTION","2.25"
"2023-01-28_00000031_1","2023-01-28","2","1","52","7ued [M]","312","X-RAY DIFFRACTION","3"
"2023-01-28_00000067_1","2023-01-28","1","0","51","7wrn [A]","310","X-RAY DIFFRACTION","1.85"
"2023-01-28_00000075_1","2023-01-28","2","2","47","7xhs [A]","104","X-RAY DIFFRACTION","2.11"
"2023-01-28_00000077_1","2023-01-28","1","0","53","7xrj [A]","341","X-RAY DIFFRACTION","2.2"
"2023-01-28_00000112_1","2023-01-28","0","2","50","7zob [E]","140","X-RAY DIFFRACTION","1.2"
"2023-01-28_00000116_1","2023-01-28","1","0","50","8a0h [A]","325","X-RAY DIFFRACTION","1.73"
"2023-01-28_00000122_1","2023-01-28","1","2","52","8abt [B]","251","X-RAY DIFFRACTION","1.39"
"2023-01-28_00000129_1","2023-01-28","0","1","50","8b58 [B]","211","X-RAY DIFFRACTION","1.1"
"2023-01-28_00000198_1","2023-01-28","1","0","49","8eef [B]","449","X-RAY DIFFRACTION","2.21"
"2023-01-28_00000267_1","2023-01-28","1","0","44","8gu3 [A]","322","X-RAY DIFFRACTION","3.01"
"2023-01-21_00000000_1","2023-01-21","1","2","53","7fct [B]","246","X-RAY DIFFRACTION","1.8"
"2023-01-21_00000017_1","2023-01-21","2","2","43","7qrj [B]","184","X-RAY DIFFRACTION","1.38"
"2023-01-21_00000023_1","2023-01-21","1","0","51","7qsg [A]","437","X-RAY DIFFRACTION","2.75"
"2023-01-21_00000030_1","2023-01-21","1","0","45","7qtz [A]","377","X-RAY DIFFRACTION","2.1"
"2023-01-21_00000049_1","2023-01-21","0","2","51","7sve [C]","331","X-RAY DIFFRACTION","2.15"
"2023-01-21_00000079_1","2023-01-21","2","2","46","7tak [A]","471","X-RAY DIFFRACTION","2.79828"
"2023-01-21_00000143_1","2023-01-21","0","0","43","7wd4 [A]","446","X-RAY DIFFRACTION","1.75"
"2023-01-21_00000173_1","2023-01-21","0","0","45","7wnt [A]","558","X-RAY DIFFRACTION","2.44"
"2023-01-21_00000204_1","2023-01-21","0","2","46","7xto [B]","276","X-RAY DIFFRACTION","2.48"
"2023-01-21_00000211_1","2023-01-21","2","2","47","7yny [A]","413","X-RAY DIFFRACTION","3.51"
"2023-01-21_00000239_1","2023-01-21","1","2","50","8b3e [A]","437","X-RAY DIFFRACTION","1.26"
"2023-01-21_00000240_1","2023-01-21","1","2","45","8b3w [A]","360","X-RAY DIFFRACTION","1.681"
"2023-01-21_00000242_1","2023-01-21","2","2","43","8bcq [B]","249","X-RAY DIFFRACTION","2.7"
"2023-01-21_00000262_1","2023-01-21","0","2","45","8d4w [A]","140","X-RAY DIFFRACTION","1.35"
"2023-01-21_00000287_1","2023-01-21","1","0","47","8dp9 [A]","148","X-RAY DIFFRACTION","1.76"
"2023-01-14_00000023_2","2023-01-14","1","1","48","7qot [C]","31","X-RAY DIFFRACTION","3.24"
"2023-01-14_00000030_1","2023-01-14","2","0","46","7qpk [B]","413","X-RAY DIFFRACTION","2.75"
"2023-01-14_00000032_1","2023-01-14","2","0","42","7qpr [D]","701","X-RAY DIFFRACTION","2.513"
"2023-01-14_00000061_1","2023-01-14","1","0","47","7t9q [A]","38","X-RAY DIFFRACTION","1.8"
"2023-01-14_00000069_1","2023-01-14","1","0","52","7tjb [A]","227","X-RAY DIFFRACTION","1.30003"
"2023-01-14_00000123_1","2023-01-14","0","1","44","7x8q [A]","129","X-RAY DIFFRACTION","2.65"
"2023-01-14_00000141_1","2023-01-14","1","0","40","7y43 [A]","86","X-RAY DIFFRACTION","1.5"
"2023-01-14_00000152_1","2023-01-14","0","2","39","7yq0 [A]","175","X-RAY DIFFRACTION","1.58"
"2023-01-14_00000270_1","2023-01-14","1","0","42","8ezw [D]","160","X-RAY DIFFRACTION","2"
"2023-01-14_00000273_1","2023-01-14","0","1","40","8f8y [B]","455","X-RAY DIFFRACTION","3.06"
"2023-01-14_00000300_1","2023-01-14","1","2","41","8hdv [A]","183","X-RAY DIFFRACTION","2.65"
"2023-01-14_00000303_1","2023-01-14","0","2","37","8hhk [C]","30","X-RAY DIFFRACTION","2.5"
"2023-01-14_00000305_1","2023-01-14","1","2","44","8hu6 [B]","678","X-RAY DIFFRACTION","2.33"
"2023-01-07_00000022_1","2023-01-07","2","1","46","7t6a [A]","185","X-RAY DIFFRACTION","1.65"
"2023-01-07_00000038_1","2023-01-07","1","1","49","7tsq [A]","244","X-RAY DIFFRACTION","2.11"
"2023-01-07_00000041_1","2023-01-07","0","0","48","7tuv [A]","745","X-RAY DIFFRACTION","2.225"
"2023-01-07_00000043_1","2023-01-07","0","0","45","7u1b [A]","469","X-RAY DIFFRACTION","2.62"
"2023-01-07_00000058_2","2023-01-07","1","1","51","7uv8 [U]","212","X-RAY DIFFRACTION","2.7"
"2023-01-07_00000073_2","2023-01-07","1","1","47","7wjq [B]","389","X-RAY DIFFRACTION","2.7"
"2023-01-07_00000094_1","2023-01-07","0","0","52","7z3s [A]","298","X-RAY DIFFRACTION","1.99"
"2023-01-07_00000117_3","2023-01-07","2","1","49","8ab1 [E]","80","X-RAY DIFFRACTION","2.77"
"2023-01-07_00000205_1","2023-01-07","1","0","49","8dk0 [A]","312","X-RAY DIFFRACTION","1.55"
"2023-01-07_00000207_2","2023-01-07","0","1","47","8dkt [B]","282","X-RAY DIFFRACTION","2.38"
"2023-01-07_00000228_1","2023-01-07","0","0","46","8edk [A]","449","X-RAY DIFFRACTION","2.5"
"2023-01-07_00000233_1","2023-01-07","1","1","43","8enb [C]","92","X-RAY DIFFRACTION","2.35"
"2023-01-07_00000233_2","2023-01-07","1","1","42","8enb [D]","106","X-RAY DIFFRACTION","2.35"
